INSERT INTO public.info_achievement (ach_nid, ach_tid, game) VALUES (1, 'map_discover_60', 'ets2');
INSERT INTO public.info_achievement (ach_nid, ach_tid, game) VALUES (2, 'map_discover_100', 'ets2');
INSERT INTO public.info_achievement (ach_nid, ach_tid, game) VALUES (3, 'use_train', 'ets2');
INSERT INTO public.info_achievement (ach_nid, ach_tid, game) VALUES (4, 'use_boat', 'ets2');
INSERT INTO public.info_achievement (ach_nid, ach_tid, game) VALUES (5, 'discover_all_agencies', 'ets2');
INSERT INTO public.info_achievement (ach_nid, ach_tid, game) VALUES (6, 'use_all_ports', 'ets2');
INSERT INTO public.info_achievement (ach_nid, ach_tid, game) VALUES (7, 'buy_truck_online', 'ets2');
INSERT INTO public.info_achievement (ach_nid, ach_tid, game) VALUES (8, 'metallic_multi_color_paint', 'ets2');
INSERT INTO public.info_achievement (ach_nid, ach_tid, game) VALUES (9, '999_km_with_each_brand', 'ets2');
INSERT INTO public.info_achievement (ach_nid, ach_tid, game) VALUES (10, 'job_urgent', 'ets2');
INSERT INTO public.info_achievement (ach_nid, ach_tid, game) VALUES (11, 'job_2000_km', 'ets2');
INSERT INTO public.info_achievement (ach_nid, ach_tid, game) VALUES (12, 'job_15_companies', 'ets2');
INSERT INTO public.info_achievement (ach_nid, ach_tid, game) VALUES (13, 'job_no_ferry', 'ets2');
INSERT INTO public.info_achievement (ach_nid, ach_tid, game) VALUES (14, 'job_all_trailer_types', 'ets2');
INSERT INTO public.info_achievement (ach_nid, ach_tid, game) VALUES (15, 'perfect_delivery', 'ets2');
INSERT INTO public.info_achievement (ach_nid, ach_tid, game) VALUES (16, '5_jobs_in_a_row', 'ets2');
INSERT INTO public.info_achievement (ach_nid, ach_tid, game) VALUES (17, 'use_automatic_parking', 'ets2');
INSERT INTO public.info_achievement (ach_nid, ach_tid, game) VALUES (18, 'jobs_30_cargo', 'ets2');
INSERT INTO public.info_achievement (ach_nid, ach_tid, game) VALUES (19, 'jobs_20k_xp', 'ets2');
INSERT INTO public.info_achievement (ach_nid, ach_tid, game) VALUES (20, 'quick_travel_to_hq', 'ets2');
INSERT INTO public.info_achievement (ach_nid, ach_tid, game) VALUES (21, 'garages_in_hq_country', 'ets2');
INSERT INTO public.info_achievement (ach_nid, ach_tid, game) VALUES (22, 'garage_in_every_city', 'ets2');
INSERT INTO public.info_achievement (ach_nid, ach_tid, game) VALUES (23, 'large_garage_productivity', 'ets2');
INSERT INTO public.info_achievement (ach_nid, ach_tid, game) VALUES (24, 'daily_profit', 'ets2');
INSERT INTO public.info_achievement (ach_nid, ach_tid, game) VALUES (25, 'productivity_all_garages', 'ets2');
INSERT INTO public.info_achievement (ach_nid, ach_tid, game) VALUES (26, 'maxed_male_female', 'ets2');
INSERT INTO public.info_achievement (ach_nid, ach_tid, game) VALUES (27, 'use_rest_stop', 'ets2');
INSERT INTO public.info_achievement (ach_nid, ach_tid, game) VALUES (28, 'use_gas_station', 'ets2');
INSERT INTO public.info_achievement (ach_nid, ach_tid, game) VALUES (29, 'sc_volvo_cargo', 'ets2');
INSERT INTO public.info_achievement (ach_nid, ach_tid, game) VALUES (30, 'sc_scania_cargo', 'ets2');
INSERT INTO public.info_achievement (ach_nid, ach_tid, game) VALUES (31, 'sc_deliver_marinas', 'ets2');
INSERT INTO public.info_achievement (ach_nid, ach_tid, game) VALUES (32, 'sc_container_ports', 'ets2');
INSERT INTO public.info_achievement (ach_nid, ach_tid, game) VALUES (33, 'sc_cows_to_farm', 'ets2');
INSERT INTO public.info_achievement (ach_nid, ach_tid, game) VALUES (34, 'sc_visit_cities', 'ets2');
INSERT INTO public.info_achievement (ach_nid, ach_tid, game) VALUES (35, 'sc_quarries_cargo', 'ets2');
INSERT INTO public.info_achievement (ach_nid, ach_tid, game) VALUES (36, 'sc_oresund_bridge', 'ets2');
INSERT INTO public.info_achievement (ach_nid, ach_tid, game) VALUES (37, 'fr_visit_cities', 'ets2');
INSERT INTO public.info_achievement (ach_nid, ach_tid, game) VALUES (38, 'fr_landmarks', 'ets2');
INSERT INTO public.info_achievement (ach_nid, ach_tid, game) VALUES (39, 'fr_nucplants', 'ets2');
INSERT INTO public.info_achievement (ach_nid, ach_tid, game) VALUES (40, 'fr_airports', 'ets2');
INSERT INTO public.info_achievement (ach_nid, ach_tid, game) VALUES (41, 'fr_truckstop', 'ets2');
INSERT INTO public.info_achievement (ach_nid, ach_tid, game) VALUES (42, 'hc_firstjob', 'ets2');
INSERT INTO public.info_achievement (ach_nid, ach_tid, game) VALUES (43, 'hc_threeperf', 'ets2');
INSERT INTO public.info_achievement (ach_nid, ach_tid, game) VALUES (44, 'hc_1000xps', 'ets2');
INSERT INTO public.info_achievement (ach_nid, ach_tid, game) VALUES (45, 'hc_250t5jobs', 'ets2');
INSERT INTO public.info_achievement (ach_nid, ach_tid, game) VALUES (46, 'hc_allcargos', 'ets2');
INSERT INTO public.info_achievement (ach_nid, ach_tid, game) VALUES (47, 'it_visit_cities', 'ets2');
INSERT INTO public.info_achievement (ach_nid, ach_tid, game) VALUES (48, 'it_garages', 'ets2');
INSERT INTO public.info_achievement (ach_nid, ach_tid, game) VALUES (49, 'it_shipyards', 'ets2');
INSERT INTO public.info_achievement (ach_nid, ach_tid, game) VALUES (50, 'it_volcanoes', 'ets2');
INSERT INTO public.info_achievement (ach_nid, ach_tid, game) VALUES (51, 'it_roads_to_rome', 'ets2');
INSERT INTO public.info_achievement (ach_nid, ach_tid, game) VALUES (52, 'it_quarry', 'ets2');
INSERT INTO public.info_achievement (ach_nid, ach_tid, game) VALUES (53, 'st_first_cargo', 'ets2');
INSERT INTO public.info_achievement (ach_nid, ach_tid, game) VALUES (54, 'st_all_cargos', 'ets2');
INSERT INTO public.info_achievement (ach_nid, ach_tid, game) VALUES (55, 'st_all_routes', 'ets2');
INSERT INTO public.info_achievement (ach_nid, ach_tid, game) VALUES (56, 'st_no_damage', 'ets2');
INSERT INTO public.info_achievement (ach_nid, ach_tid, game) VALUES (57, 'st_silo', 'ets2');
INSERT INTO public.info_achievement (ach_nid, ach_tid, game) VALUES (58, 'st_cat_785c', 'ets2');
INSERT INTO public.info_achievement (ach_nid, ach_tid, game) VALUES (59, 'st_pilot_boat', 'ets2');
INSERT INTO public.info_achievement (ach_nid, ach_tid, game) VALUES (60, 'st_mass', 'ets2');
INSERT INTO public.info_achievement (ach_nid, ach_tid, game) VALUES (61, 'ba_visit_cities', 'ets2');
INSERT INTO public.info_achievement (ach_nid, ach_tid, game) VALUES (62, 'ba_job_countries', 'ets2');
INSERT INTO public.info_achievement (ach_nid, ach_tid, game) VALUES (63, 'ba_to_russia', 'ets2');
INSERT INTO public.info_achievement (ach_nid, ach_tid, game) VALUES (64, 'ba_concrete', 'ets2');
INSERT INTO public.info_achievement (ach_nid, ach_tid, game) VALUES (65, 'ba_industry', 'ets2');
INSERT INTO public.info_achievement (ach_nid, ach_tid, game) VALUES (66, 'ba_farm', 'ets2');
INSERT INTO public.info_achievement (ach_nid, ach_tid, game) VALUES (67, 'it_visit_sardinia', 'ets2');
INSERT INTO public.info_achievement (ach_nid, ach_tid, game) VALUES (68, 'fr_visit_corsica', 'ets2');
INSERT INTO public.info_achievement (ach_nid, ach_tid, game) VALUES (69, 'be_visit_cities', 'ets2');
INSERT INTO public.info_achievement (ach_nid, ach_tid, game) VALUES (70, 'be_border_crossings', 'ets2');
INSERT INTO public.info_achievement (ach_nid, ach_tid, game) VALUES (71, 'be_blke_ferry', 'ets2');
INSERT INTO public.info_achievement (ach_nid, ach_tid, game) VALUES (72, 'be_landmarks', 'ets2');
INSERT INTO public.info_achievement (ach_nid, ach_tid, game) VALUES (73, 'be_istanbul_jobs', 'ets2');
INSERT INTO public.info_achievement (ach_nid, ach_tid, game) VALUES (74, 'be_black_sea', 'ets2');
INSERT INTO public.info_achievement (ach_nid, ach_tid, game) VALUES (75, 'be_express', 'ets2');
INSERT INTO public.info_achievement (ach_nid, ach_tid, game) VALUES (76, 'ib_visit_cities', 'ets2');
INSERT INTO public.info_achievement (ach_nid, ach_tid, game) VALUES (77, 'ib_container_ports', 'ets2');
INSERT INTO public.info_achievement (ach_nid, ach_tid, game) VALUES (78, 'ib_solar_power_plants', 'ets2');
INSERT INTO public.info_achievement (ach_nid, ach_tid, game) VALUES (79, 'ib_shipyards', 'ets2');
INSERT INTO public.info_achievement (ach_nid, ach_tid, game) VALUES (80, 'ib_a_coruna', 'ets2');
INSERT INTO public.info_achievement (ach_nid, ach_tid, game) VALUES (81, 'ib_cutscenes', 'ets2');
INSERT INTO public.info_achievement (ach_nid, ach_tid, game) VALUES (82, 'unload_difficulty', 'ets2');
INSERT INTO public.info_achievement (ach_nid, ach_tid, game) VALUES (83, 'bw_visit_cities', 'ets2');
INSERT INTO public.info_achievement (ach_nid, ach_tid, game) VALUES (84, 'bw_cutscenes', 'ets2');
INSERT INTO public.info_achievement (ach_nid, ach_tid, game) VALUES (85, 'bw_pristina_bijelo_polje', 'ets2');
INSERT INTO public.info_achievement (ach_nid, ach_tid, game) VALUES (86, 'bw_coastline', 'ets2');
INSERT INTO public.info_achievement (ach_nid, ach_tid, game) VALUES (87, 'bw_ore_caravans', 'ets2');
INSERT INTO public.info_achievement (ach_nid, ach_tid, game) VALUES (88, 'aca_first', 'ets2');
INSERT INTO public.info_achievement (ach_nid, ach_tid, game) VALUES (89, 'aca_interior', 'ets2');
INSERT INTO public.info_achievement (ach_nid, ach_tid, game) VALUES (90, 'aca_truck_driving', 'ets2');
INSERT INTO public.info_achievement (ach_nid, ach_tid, game) VALUES (91, 'aca_no_forward', 'ets2');
INSERT INTO public.info_achievement (ach_nid, ach_tid, game) VALUES (92, 'aca_manual_transmission', 'ets2');
INSERT INTO public.info_achievement (ach_nid, ach_tid, game) VALUES (93, 'aca_consecutive', 'ets2');
INSERT INTO public.info_achievement (ach_nid, ach_tid, game) VALUES (94, 'gr_visit_cities', 'ets2');
INSERT INTO public.info_achievement (ach_nid, ach_tid, game) VALUES (95, 'gr_cutscenes', 'ets2');
INSERT INTO public.info_achievement (ach_nid, ach_tid, game) VALUES (96, 'gr_hotels', 'ets2');
INSERT INTO public.info_achievement (ach_nid, ach_tid, game) VALUES (97, 'gr_olive', 'ets2');
INSERT INTO public.info_achievement (ach_nid, ach_tid, game) VALUES (98, 'gr_marble', 'ets2');
INSERT INTO public.info_achievement (ach_nid, ach_tid, game) VALUES (99, 'ca_visit_cities', 'ats');
INSERT INTO public.info_achievement (ach_nid, ach_tid, game) VALUES (100, 'ca_sea_ports', 'ats');
INSERT INTO public.info_achievement (ach_nid, ach_tid, game) VALUES (101, 'ca_country', 'ats');
INSERT INTO public.info_achievement (ach_nid, ach_tid, game) VALUES (102, 'drive_10k', 'ats');
INSERT INTO public.info_achievement (ach_nid, ach_tid, game) VALUES (103, 'buy_truck', 'ats');
INSERT INTO public.info_achievement (ach_nid, ach_tid, game) VALUES (104, 'jobs15comp', 'ats');
INSERT INTO public.info_achievement (ach_nid, ach_tid, game) VALUES (105, 'perf_job', 'ats');
INSERT INTO public.info_achievement (ach_nid, ach_tid, game) VALUES (106, 'money_100k', 'ats');
INSERT INTO public.info_achievement (ach_nid, ach_tid, game) VALUES (107, 'maxed_garage', 'ats');
INSERT INTO public.info_achievement (ach_nid, ach_tid, game) VALUES (108, 'no_autopark', 'ats');
INSERT INTO public.info_achievement (ach_nid, ach_tid, game) VALUES (109, 'harddifficlt', 'ats');
INSERT INTO public.info_achievement (ach_nid, ach_tid, game) VALUES (110, 'finish50jobs', 'ats');
INSERT INTO public.info_achievement (ach_nid, ach_tid, game) VALUES (111, 'custompj', 'ats');
INSERT INTO public.info_achievement (ach_nid, ach_tid, game) VALUES (112, 'use_weigh_stat', 'ats');
INSERT INTO public.info_achievement (ach_nid, ach_tid, game) VALUES (113, 'use_gas_stat', 'ats');
INSERT INTO public.info_achievement (ach_nid, ach_tid, game) VALUES (114, 'nv_visit_cities', 'ats');
INSERT INTO public.info_achievement (ach_nid, ach_tid, game) VALUES (115, 'nv_quarries', 'ats');
INSERT INTO public.info_achievement (ach_nid, ach_tid, game) VALUES (116, 'az_visit_cities', 'ats');
INSERT INTO public.info_achievement (ach_nid, ach_tid, game) VALUES (117, 'az_phx_aport', 'ats');
INSERT INTO public.info_achievement (ach_nid, ach_tid, game) VALUES (118, 'az_racetrack', 'ats');
INSERT INTO public.info_achievement (ach_nid, ach_tid, game) VALUES (119, 'az_colorado', 'ats');
INSERT INTO public.info_achievement (ach_nid, ach_tid, game) VALUES (120, 'hc_firstjob', 'ats');
INSERT INTO public.info_achievement (ach_nid, ach_tid, game) VALUES (121, 'hc_weigh170k', 'ats');
INSERT INTO public.info_achievement (ach_nid, ach_tid, game) VALUES (122, 'hc_perf_job', 'ats');
INSERT INTO public.info_achievement (ach_nid, ach_tid, game) VALUES (123, 'hc_100k5jobs', 'ats');
INSERT INTO public.info_achievement (ach_nid, ach_tid, game) VALUES (124, 'hc_allcargos', 'ats');
INSERT INTO public.info_achievement (ach_nid, ach_tid, game) VALUES (125, 'nm_visit_cities', 'ats');
INSERT INTO public.info_achievement (ach_nid, ach_tid, game) VALUES (126, 'nm_truckstops', 'ats');
INSERT INTO public.info_achievement (ach_nid, ach_tid, game) VALUES (127, 'nm_shortcut', 'ats');
INSERT INTO public.info_achievement (ach_nid, ach_tid, game) VALUES (128, 'nm_museum', 'ats');
INSERT INTO public.info_achievement (ach_nid, ach_tid, game) VALUES (129, 'nm_an_124', 'ats');
INSERT INTO public.info_achievement (ach_nid, ach_tid, game) VALUES (130, 'st_perf_job', 'ats');
INSERT INTO public.info_achievement (ach_nid, ach_tid, game) VALUES (131, 'st_all_routes', 'ats');
INSERT INTO public.info_achievement (ach_nid, ach_tid, game) VALUES (132, 'st_helicopter', 'ats');
INSERT INTO public.info_achievement (ach_nid, ach_tid, game) VALUES (133, 'st_aircondition', 'ats');
INSERT INTO public.info_achievement (ach_nid, ach_tid, game) VALUES (134, 'st_all_cargos', 'ats');
INSERT INTO public.info_achievement (ach_nid, ach_tid, game) VALUES (135, 'st_mutt_part', 'ats');
INSERT INTO public.info_achievement (ach_nid, ach_tid, game) VALUES (136, 'st_house', 'ats');
INSERT INTO public.info_achievement (ach_nid, ach_tid, game) VALUES (137, 'or_visit_cities', 'ats');
INSERT INTO public.info_achievement (ach_nid, ach_tid, game) VALUES (138, 'or_drawbridge', 'ats');
INSERT INTO public.info_achievement (ach_nid, ach_tid, game) VALUES (139, 'or_timber_harvest', 'ats');
INSERT INTO public.info_achievement (ach_nid, ach_tid, game) VALUES (140, 'or_landmarks', 'ats');
INSERT INTO public.info_achievement (ach_nid, ach_tid, game) VALUES (141, 'or_cabbage_hill', 'ats');
INSERT INTO public.info_achievement (ach_nid, ach_tid, game) VALUES (142, 'wa_visit_cities', 'ats');
INSERT INTO public.info_achievement (ach_nid, ach_tid, game) VALUES (143, 'wa_aerospace', 'ats');
INSERT INTO public.info_achievement (ach_nid, ach_tid, game) VALUES (144, 'wa_marina', 'ats');
INSERT INTO public.info_achievement (ach_nid, ach_tid, game) VALUES (145, 'wa_terminal', 'ats');
INSERT INTO public.info_achievement (ach_nid, ach_tid, game) VALUES (146, 'wa_tunnels', 'ats');
INSERT INTO public.info_achievement (ach_nid, ach_tid, game) VALUES (147, 'wa_use_ferry', 'ats');
INSERT INTO public.info_achievement (ach_nid, ach_tid, game) VALUES (148, 'wa_forest', 'ats');
INSERT INTO public.info_achievement (ach_nid, ach_tid, game) VALUES (149, 'wa_landmarks', 'ats');
INSERT INTO public.info_achievement (ach_nid, ach_tid, game) VALUES (150, 'fm_all_cargos', 'ats');
INSERT INTO public.info_achievement (ach_nid, ach_tid, game) VALUES (151, 'fm_3_perfect', 'ats');
INSERT INTO public.info_achievement (ach_nid, ach_tid, game) VALUES (152, 'ut_visit_cities', 'ats');
INSERT INTO public.info_achievement (ach_nid, ach_tid, game) VALUES (153, 'ut_mines', 'ats');
INSERT INTO public.info_achievement (ach_nid, ach_tid, game) VALUES (154, 'ut_sign', 'ats');
INSERT INTO public.info_achievement (ach_nid, ach_tid, game) VALUES (155, 'ut_salt_lake_companies', 'ats');
INSERT INTO public.info_achievement (ach_nid, ach_tid, game) VALUES (156, 'ut_frac_tank', 'ats');
INSERT INTO public.info_achievement (ach_nid, ach_tid, game) VALUES (157, 'id_visit_cities', 'ats');
INSERT INTO public.info_achievement (ach_nid, ach_tid, game) VALUES (158, 'id_potatoes', 'ats');
INSERT INTO public.info_achievement (ach_nid, ach_tid, game) VALUES (159, 'id_snake_river', 'ats');
INSERT INTO public.info_achievement (ach_nid, ach_tid, game) VALUES (160, 'id_cutscenes', 'ats');
INSERT INTO public.info_achievement (ach_nid, ach_tid, game) VALUES (161, 'id_45th_parallel', 'ats');
INSERT INTO public.info_achievement (ach_nid, ach_tid, game) VALUES (162, 'co_visit_cities', 'ats');
INSERT INTO public.info_achievement (ach_nid, ach_tid, game) VALUES (163, 'co_us550', 'ats');
INSERT INTO public.info_achievement (ach_nid, ach_tid, game) VALUES (164, 'co_tunnels', 'ats');
INSERT INTO public.info_achievement (ach_nid, ach_tid, game) VALUES (165, 'co_wind_turbine', 'ats');
INSERT INTO public.info_achievement (ach_nid, ach_tid, game) VALUES (166, 'co_gold_mine', 'ats');
INSERT INTO public.info_achievement (ach_nid, ach_tid, game) VALUES (167, 'co_denver_airport', 'ats');
INSERT INTO public.info_achievement (ach_nid, ach_tid, game) VALUES (168, 'co_four_corners', 'ats');
INSERT INTO public.info_achievement (ach_nid, ach_tid, game) VALUES (169, 'wy_visit_cities', 'ats');
INSERT INTO public.info_achievement (ach_nid, ach_tid, game) VALUES (170, 'wy_cutscenes', 'ats');
INSERT INTO public.info_achievement (ach_nid, ach_tid, game) VALUES (171, 'wy_buford', 'ats');
INSERT INTO public.info_achievement (ach_nid, ach_tid, game) VALUES (172, 'wy_train', 'ats');
INSERT INTO public.info_achievement (ach_nid, ach_tid, game) VALUES (173, 'wy_cattle', 'ats');
INSERT INTO public.info_achievement (ach_nid, ach_tid, game) VALUES (174, 'mt_visit_cities', 'ats');
INSERT INTO public.info_achievement (ach_nid, ach_tid, game) VALUES (175, 'mt_cutscenes', 'ats');
INSERT INTO public.info_achievement (ach_nid, ach_tid, game) VALUES (176, 'mt_waste', 'ats');
INSERT INTO public.info_achievement (ach_nid, ach_tid, game) VALUES (177, 'mt_electric', 'ats');
INSERT INTO public.info_achievement (ach_nid, ach_tid, game) VALUES (178, 'mt_miner', 'ats');
INSERT INTO public.info_achievement (ach_nid, ach_tid, game) VALUES (179, 'unload_difficulty', 'ats');
INSERT INTO public.info_achievement (ach_nid, ach_tid, game) VALUES (180, 'tx_visit_cities', 'ats');
INSERT INTO public.info_achievement (ach_nid, ach_tid, game) VALUES (181, 'tx_cutscenes', 'ats');
INSERT INTO public.info_achievement (ach_nid, ach_tid, game) VALUES (182, 'tx_markers', 'ats');
INSERT INTO public.info_achievement (ach_nid, ach_tid, game) VALUES (183, 'tx_shipyards_ports', 'ats');
INSERT INTO public.info_achievement (ach_nid, ach_tid, game) VALUES (184, 'tx_farms_auction_houses', 'ats');
INSERT INTO public.info_achievement (ach_nid, ach_tid, game) VALUES (185, 'tx_cotton', 'ats');
INSERT INTO public.info_achievement (ach_nid, ach_tid, game) VALUES (186, 'ok_visit_cities', 'ats');
INSERT INTO public.info_achievement (ach_nid, ach_tid, game) VALUES (187, 'ok_cutscenes', 'ats');
INSERT INTO public.info_achievement (ach_nid, ach_tid, game) VALUES (188, 'ok_bus_factory', 'ats');
INSERT INTO public.info_achievement (ach_nid, ach_tid, game) VALUES (189, 'ok_big_tyres', 'ats');
INSERT INTO public.info_achievement (ach_nid, ach_tid, game) VALUES (190, 'ks_visit_cities', 'ats');
INSERT INTO public.info_achievement (ach_nid, ach_tid, game) VALUES (191, 'ks_cutscenes', 'ats');
INSERT INTO public.info_achievement (ach_nid, ach_tid, game) VALUES (192, 'ks_engine_wing', 'ats');
INSERT INTO public.info_achievement (ach_nid, ach_tid, game) VALUES (193, 'ks_secret_roads', 'ats');
INSERT INTO public.info_achievement (ach_nid, ach_tid, game) VALUES (194, 'ks_salt_food', 'ats');
INSERT INTO public.info_achievement (ach_nid, ach_tid, game) VALUES (195, 'ne_visit_cities', 'ats');
INSERT INTO public.info_achievement (ach_nid, ach_tid, game) VALUES (196, 'ne_cutscenes', 'ats');
INSERT INTO public.info_achievement (ach_nid, ach_tid, game) VALUES (197, 'ne_out_car_pln', 'ats');
INSERT INTO public.info_achievement (ach_nid, ach_tid, game) VALUES (198, 'ne_agriculture', 'ats');
INSERT INTO public.info_achievement (ach_nid, ach_tid, game) VALUES (199, 'ar_visit_cities', 'ats');
INSERT INTO public.info_achievement (ach_nid, ach_tid, game) VALUES (200, 'ar_cutscenes', 'ats');
INSERT INTO public.info_achievement (ach_nid, ach_tid, game) VALUES (201, 'ar_paper', 'ats');
INSERT INTO public.info_achievement (ach_nid, ach_tid, game) VALUES (202, 'ar_hot_springs', 'ats');
INSERT INTO public.info_achievement (ach_nid, ach_tid, game) VALUES (203, 'aca_first', 'ats');
INSERT INTO public.info_achievement (ach_nid, ach_tid, game) VALUES (204, 'aca_interior', 'ats');
INSERT INTO public.info_achievement (ach_nid, ach_tid, game) VALUES (205, 'aca_truck_driving', 'ats');
INSERT INTO public.info_achievement (ach_nid, ach_tid, game) VALUES (206, 'aca_no_forward', 'ats');
INSERT INTO public.info_achievement (ach_nid, ach_tid, game) VALUES (207, 'aca_manual_transmission', 'ats');
INSERT INTO public.info_achievement (ach_nid, ach_tid, game) VALUES (208, 'aca_consecutive', 'ats');

INSERT INTO public.info_obj_counter (obj_nid, ach_nid, obj_tid, goal) VALUES (4, 16, 'jobs', 5);
INSERT INTO public.info_obj_counter (obj_nid, ach_nid, obj_tid, goal) VALUES (14, 43, 'deliveries', 3);
INSERT INTO public.info_obj_counter (obj_nid, ach_nid, obj_tid, goal) VALUES (23, 56, 'deliveries', 3);
INSERT INTO public.info_obj_counter (obj_nid, ach_nid, obj_tid, goal) VALUES (26, 63, 'jobs', 5);
INSERT INTO public.info_obj_counter (obj_nid, ach_nid, obj_tid, goal) VALUES (27, 64, 'jobs', 10);
INSERT INTO public.info_obj_counter (obj_nid, ach_nid, obj_tid, goal) VALUES (28, 65, 'helsinki', 2);
INSERT INTO public.info_obj_counter (obj_nid, ach_nid, obj_tid, goal) VALUES (29, 65, 'rigaren', 2);
INSERT INTO public.info_obj_counter (obj_nid, ach_nid, obj_tid, goal) VALUES (30, 65, '┼áiauliai ', 2);
INSERT INTO public.info_obj_counter (obj_nid, ach_nid, obj_tid, goal) VALUES (31, 65, 'rezekne', 2);
INSERT INTO public.info_obj_counter (obj_nid, ach_nid, obj_tid, goal) VALUES (32, 65, 'tartu', 2);
INSERT INTO public.info_obj_counter (obj_nid, ach_nid, obj_tid, goal) VALUES (33, 65, 'dagauvpilsren', 2);
INSERT INTO public.info_obj_counter (obj_nid, ach_nid, obj_tid, goal) VALUES (34, 65, 'vilnius', 2);
INSERT INTO public.info_obj_counter (obj_nid, ach_nid, obj_tid, goal) VALUES (35, 65, 'rigarup', 2);
INSERT INTO public.info_obj_counter (obj_nid, ach_nid, obj_tid, goal) VALUES (36, 65, 'dagauvpilsrup', 2);
INSERT INTO public.info_obj_counter (obj_nid, ach_nid, obj_tid, goal) VALUES (37, 65, 'kouvola', 2);
INSERT INTO public.info_obj_counter (obj_nid, ach_nid, obj_tid, goal) VALUES (38, 65, 'tampere', 2);
INSERT INTO public.info_obj_counter (obj_nid, ach_nid, obj_tid, goal) VALUES (39, 65, 'kunda', 2);
INSERT INTO public.info_obj_counter (obj_nid, ach_nid, obj_tid, goal) VALUES (46, 73, 'jobs', 3);
INSERT INTO public.info_obj_counter (obj_nid, ach_nid, obj_tid, goal) VALUES (48, 75, 'routes', 6);
INSERT INTO public.info_obj_counter (obj_nid, ach_nid, obj_tid, goal) VALUES (55, 82, 'deliveries', 20);
INSERT INTO public.info_obj_counter (obj_nid, ach_nid, obj_tid, goal) VALUES (59, 87, 'routes', 5);
INSERT INTO public.info_obj_counter (obj_nid, ach_nid, obj_tid, goal) VALUES (61, 90, 'scenarios', 28);
INSERT INTO public.info_obj_counter (obj_nid, ach_nid, obj_tid, goal) VALUES (63, 93, 'scenarios', 5);
INSERT INTO public.info_obj_counter (obj_nid, ach_nid, obj_tid, goal) VALUES (68, 98, 'blocks', 3);
INSERT INTO public.info_obj_counter (obj_nid, ach_nid, obj_tid, goal) VALUES (69, 98, 'slabs', 3);
INSERT INTO public.info_obj_counter (obj_nid, ach_nid, obj_tid, goal) VALUES (73, 104, 'companies', 15);
INSERT INTO public.info_obj_counter (obj_nid, ach_nid, obj_tid, goal) VALUES (74, 110, 'deliveries', 50);
INSERT INTO public.info_obj_counter (obj_nid, ach_nid, obj_tid, goal) VALUES (93, 151, 'deliveries', 3);
INSERT INTO public.info_obj_counter (obj_nid, ach_nid, obj_tid, goal) VALUES (99, 158, 'deliveries', 5);
INSERT INTO public.info_obj_counter (obj_nid, ach_nid, obj_tid, goal) VALUES (105, 166, 'deliveries', 10);
INSERT INTO public.info_obj_counter (obj_nid, ach_nid, obj_tid, goal) VALUES (106, 167, 'deliveries', 10);
INSERT INTO public.info_obj_counter (obj_nid, ach_nid, obj_tid, goal) VALUES (110, 173, 'deliveries', 10);
INSERT INTO public.info_obj_counter (obj_nid, ach_nid, obj_tid, goal) VALUES (113, 176, 'dumpster', 10);
INSERT INTO public.info_obj_counter (obj_nid, ach_nid, obj_tid, goal) VALUES (114, 176, 'truck', 1);
INSERT INTO public.info_obj_counter (obj_nid, ach_nid, obj_tid, goal) VALUES (117, 179, 'deliveries', 20);
INSERT INTO public.info_obj_counter (obj_nid, ach_nid, obj_tid, goal) VALUES (123, 185, 'total', 10);
INSERT INTO public.info_obj_counter (obj_nid, ach_nid, obj_tid, goal) VALUES (124, 185, 'lint', 1);
INSERT INTO public.info_obj_counter (obj_nid, ach_nid, obj_tid, goal) VALUES (125, 185, 'seed', 1);
INSERT INTO public.info_obj_counter (obj_nid, ach_nid, obj_tid, goal) VALUES (126, 185, 'harvester', 1);
INSERT INTO public.info_obj_counter (obj_nid, ach_nid, obj_tid, goal) VALUES (129, 188, 'hood', 5);
INSERT INTO public.info_obj_counter (obj_nid, ach_nid, obj_tid, goal) VALUES (130, 188, 'bus', 5);
INSERT INTO public.info_obj_counter (obj_nid, ach_nid, obj_tid, goal) VALUES (131, 189, 'lawton', 3);
INSERT INTO public.info_obj_counter (obj_nid, ach_nid, obj_tid, goal) VALUES (132, 189, 'ardmore', 3);
INSERT INTO public.info_obj_counter (obj_nid, ach_nid, obj_tid, goal) VALUES (137, 194, 'total', 6);
INSERT INTO public.info_obj_counter (obj_nid, ach_nid, obj_tid, goal) VALUES (138, 194, 'foodfac', 2);
INSERT INTO public.info_obj_counter (obj_nid, ach_nid, obj_tid, goal) VALUES (145, 201, 'logs', 3);
INSERT INTO public.info_obj_counter (obj_nid, ach_nid, obj_tid, goal) VALUES (146, 201, 'shavings', 3);
INSERT INTO public.info_obj_counter (obj_nid, ach_nid, obj_tid, goal) VALUES (149, 205, 'scenarios', 28);
INSERT INTO public.info_obj_counter (obj_nid, ach_nid, obj_tid, goal) VALUES (151, 208, 'scenarios', 5);

INSERT INTO public.info_obj_list (obj_nid, ach_nid, obj_tid, goal) VALUES (1, 6, 'ports', '{gbnut,gbgr,gbfe,gbdt,fct,gbdf,fcf,gbpl,fro,esa,ebi,nlr,nla,dke,dkh,dkf,dkg,gtr,gro,plg,str,ska,sgo,sny,skp,nos,nkr,nst,nbe,lvl,lvv,estpa,estta,fina,fihe,eva,eba,isa,ica,faj,fpv,fmr,ina,ipa,ime,ivsg,iba,ian,itr,hrs,aldu,roga,grio,grar,grpa,grka,grch,grhe,grrh,grat,grci,grmi,grkv}');
INSERT INTO public.info_obj_list (obj_nid, ach_nid, obj_tid, goal) VALUES (2, 9, 'brands', '{ma,da,me,re,iv,sc,vo}');
INSERT INTO public.info_obj_list (obj_nid, ach_nid, obj_tid, goal) VALUES (3, 14, 'cargotype', '{m,a,co,r,l,f,cs,b}');
INSERT INTO public.info_obj_list (obj_nid, ach_nid, obj_tid, goal) VALUES (5, 31, 'marinas', '{e,o,s}');
INSERT INTO public.info_obj_list (obj_nid, ach_nid, obj_tid, goal) VALUES (6, 32, 'ports', '{e,o}');
INSERT INTO public.info_obj_list (obj_nid, ach_nid, obj_tid, goal) VALUES (7, 34, 'cities', '{dka,dkes,dkfr,dkge,dkhi,dkko,dkod,nbe,nkr,nos,nst,sgo,she,sjo,skl,skp,skk,sli,sma,sny,sor,sto,sod,str,sup,svs,svx}');
INSERT INTO public.info_obj_list (obj_nid, ach_nid, obj_tid, goal) VALUES (8, 35, 'quarries', '{jonkoping,kalmar,vaxjo,linkoping,oslo,stavanger,kristiansand}');
INSERT INTO public.info_obj_list (obj_nid, ach_nid, obj_tid, goal) VALUES (9, 37, 'cities', '{a,bs,by,bn,br,bu,bres,ci,cv,cf,d,lir,lq,lr,lh,lm,li,lg,ly,ma,me,mo,na,ni,pr,pv,ri,rn,ro,st,to}');
INSERT INTO public.info_obj_list (obj_nid, ach_nid, obj_tid, goal) VALUES (10, 38, 'landmarks', '{bb,ca,cu,cv,py,tt}');
INSERT INTO public.info_obj_list (obj_nid, ach_nid, obj_tid, goal) VALUES (11, 39, 'plants', '{ci,go,pa,sa,sl}');
INSERT INTO public.info_obj_list (obj_nid, ach_nid, obj_tid, goal) VALUES (12, 40, 'airports', '{ba,br,ca,cl,mo,na,pa,to}');
INSERT INTO public.info_obj_list (obj_nid, ach_nid, obj_tid, goal) VALUES (13, 41, 'truckstop', '{bo,ha,lm,li,ma,mo,na}');
INSERT INTO public.info_obj_list (obj_nid, ach_nid, obj_tid, goal) VALUES (15, 46, 'cargo', '{am,icr,cb,dc,lo,mec,moc,tr}');
INSERT INTO public.info_obj_list (obj_nid, ach_nid, obj_tid, goal) VALUES (16, 47, 'cities', '{a,ba,bo,cg,cs,ct,cz,f,g,l,me,mi,n,o,pl,pr,ps,r,sa,su,ta,te,to,tr,vn,vr,vsg}');
INSERT INTO public.info_obj_list (obj_nid, ach_nid, obj_tid, goal) VALUES (17, 48, 'garages', '{c,m,p}');
INSERT INTO public.info_obj_list (obj_nid, ach_nid, obj_tid, goal) VALUES (18, 49, 'shipyards', '{a,m}');
INSERT INTO public.info_obj_list (obj_nid, ach_nid, obj_tid, goal) VALUES (19, 50, 'volcanoes', '{e,v}');
INSERT INTO public.info_obj_list (obj_nid, ach_nid, obj_tid, goal) VALUES (20, 51, 'corridors', '{n,e,s,w}');
INSERT INTO public.info_obj_list (obj_nid, ach_nid, obj_tid, goal) VALUES (21, 54, 'cargos', '{bp,cs,eb,gs,htc,he,htd,ht,ic,mtp,sb}');
INSERT INTO public.info_obj_list (obj_nid, ach_nid, obj_tid, goal) VALUES (22, 55, 'routes', '{liabrcz,brbamnl,prczn├╝d,cabi,glab,lofe,pldo,shbi,difgech,rest,bedszpl,brtr,doha,drdwrpl,k├╢damnl,m├╝dsaa,lullib,brskgra,pohe,dar─ô,sasa,szde,krplbask,olbi,waka,koskbuh,lipo,olse,bava,gina,huse,mapu,sote,casa,nate,paca,vepa,plso,gaia,ret├ó,i╠çed,odhi,stos,g├╢he,lika,trsesdk,brre,naci,nini,tomo,krno,bekr,kono,zeka,skbi,atat,thtr,iogrvlal}');
INSERT INTO public.info_obj_list (obj_nid, ach_nid, obj_tid, goal) VALUES (24, 61, 'cities', '{estk,estn,estpa,estp├ñ,esttal,esttar,fih,fikot,fikou,fila,filo,fin,fio,fip,fita,fitu,ltka,ltkl,ltm,ltp,ltu,ltv,lt┼í,lvd,lvl,lvr─ô,lvr─½,lvva,lvve,rusk,rusl,rusp,russa,russo,rusv}');
INSERT INTO public.info_obj_list (obj_nid, ach_nid, obj_tid, goal) VALUES (25, 62, 'jobs', '{rult,ltlv,eelv,eeru,rufi}');
INSERT INTO public.info_obj_list (obj_nid, ach_nid, obj_tid, goal) VALUES (40, 66, 'farms', '{riga,dagauvpils,ventspils,valmiera,nliepaja,sliepaja,narwa,tartu,nwparnu,separnu,kouvola,helsinki,stpetes,kaliru,nutena,nwutena}');
INSERT INTO public.info_obj_list (obj_nid, ach_nid, obj_tid, goal) VALUES (41, 67, 'cities', '{c,o,s}');
INSERT INTO public.info_obj_list (obj_nid, ach_nid, obj_tid, goal) VALUES (42, 68, 'cities', '{a,ba,bo,c,l,p}');
INSERT INTO public.info_obj_list (obj_nid, ach_nid, obj_tid, goal) VALUES (43, 69, 'cities', '{bgb,bgka,bgko,bgpe,bgpi,bgple,bgplo,bgr,bgs,bgva,bgve,roba,robr,robu,roce,rocl,roco,rocr,roc─â,rog,roh,roi,rom,rop,ror,roti,rot├ó,tre,tri,trt}');
INSERT INTO public.info_obj_list (obj_nid, ach_nid, obj_tid, goal) VALUES (44, 70, 'crossings', '{mv,br,eb,ep,kc}');
INSERT INTO public.info_obj_list (obj_nid, ach_nid, obj_tid, goal) VALUES (45, 72, 'landmarks', '{bc,ig,lk,pb,wh}');
INSERT INTO public.info_obj_list (obj_nid, ach_nid, obj_tid, goal) VALUES (47, 74, 'routes', '{ib,bv,vm,mc}');
INSERT INTO public.info_obj_list (obj_nid, ach_nid, obj_tid, goal) VALUES (49, 76, 'cities', '{ea,ealb,ealg,ealma,ealme,ebad,ebai,ebar,ebi,ebu,eci,ec├│,ee,egi,egr,eh,ele,ell,ema,eme,emu,em├í,en,eo,epa,epo,epu,esal,esan,ese,eso,eta,ete,evall,eval├¿,evan,evig,evil,ez,pb,pcoi,pcor,pf,pg,pl,po,ppon,ppor,pse,psi,pe}');
INSERT INTO public.info_obj_list (obj_nid, ach_nid, obj_tid, goal) VALUES (50, 77, 'ports', '{ealg,ebar,ebi,egi,em├í,eta,eval├¿,evig,pl,ppor,psi}');
INSERT INTO public.info_obj_list (obj_nid, ach_nid, obj_tid, goal) VALUES (51, 78, 'plants', '{ba,ci,gr,pu,se}');
INSERT INTO public.info_obj_list (obj_nid, ach_nid, obj_tid, goal) VALUES (52, 79, 'shipyards', '{ealg,egi,evig,pse}');
INSERT INTO public.info_obj_list (obj_nid, ach_nid, obj_tid, goal) VALUES (53, 80, 'routes', '{pa,se,li}');
INSERT INTO public.info_obj_list (obj_nid, ach_nid, obj_tid, goal) VALUES (54, 81, 'viewpoints', '{ab,gee,gib,ltc,rbl,cba,col,fps,hpo,ppp,pos,pov,rpu,scz,spt}');
INSERT INTO public.info_obj_list (obj_nid, ach_nid, obj_tid, goal) VALUES (56, 83, 'cities', '{ald,alf,alt,alv,bihba,bihbi,bihk,bihm,bihs,biht,bihz,hro,hrr,hrs,hrzad,hrzag,mneb,mnen,mnep,nmkb,nmks,r,slok,slol,slom,slon,srbb,srbk,srbni,srbno}');
INSERT INTO public.info_obj_list (obj_nid, ach_nid, obj_tid, goal) VALUES (57, 84, 'viewpoints', '{b,cp,db,dm,fo,kp,kv,lj,sa,pk,qg,rp,sp,ti,dt}');
INSERT INTO public.info_obj_list (obj_nid, ach_nid, obj_tid, goal) VALUES (58, 86, 'routes', '{riza,zasp,spni}');
INSERT INTO public.info_obj_list (obj_nid, ach_nid, obj_tid, goal) VALUES (60, 89, 'scenarios', '{1,2,3,4,5,6,7,8}');
INSERT INTO public.info_obj_list (obj_nid, ach_nid, obj_tid, goal) VALUES (62, 92, 'scenarios', '{21,22,23,24,25,26,27,28,31,32,33,34,35,36,37,38,41,42,43,44,45,46,47,48}');
INSERT INTO public.info_obj_list (obj_nid, ach_nid, obj_tid, goal) VALUES (64, 94, 'cities', '{ar,at,ca,ci,he,io,kl,kv,lm,lr,mi,pa,rh,th,tr}');
INSERT INTO public.info_obj_list (obj_nid, ach_nid, obj_tid, goal) VALUES (65, 95, 'viewpoints', '{lix,pso,fb,man,ppa,cc,kam,tcp,km,lfb,lbr}');
INSERT INTO public.info_obj_list (obj_nid, ach_nid, obj_tid, goal) VALUES (66, 96, 'hotels', '{ar,ca,ci,mi,rh}');
INSERT INTO public.info_obj_list (obj_nid, ach_nid, obj_tid, goal) VALUES (135, 192, 'jobs', '{awd,jeicd,awwsh,jeicwsh,awgss,jeicgss}');
INSERT INTO public.info_obj_list (obj_nid, ach_nid, obj_tid, goal) VALUES (67, 97, 'cities', '{ar,at,ca,ci,he,io,kl,kv,lm,lr,mi,pa,rh,th,tr}');
INSERT INTO public.info_obj_list (obj_nid, ach_nid, obj_tid, goal) VALUES (70, 99, 'cities', '{bk,br,bl,ec,eu,fr,hi,hu,in,la,mj,md,oa,ox,re,sa,sd,sf,sj,sc,sm,st,tr,uk}');
INSERT INTO public.info_obj_list (obj_nid, ach_nid, obj_tid, goal) VALUES (71, 100, 'ports', '{oak,sf}');
INSERT INTO public.info_obj_list (obj_nid, ach_nid, obj_tid, goal) VALUES (72, 101, 'vineyards', '{sd,sa,uk,fr}');
INSERT INTO public.info_obj_list (obj_nid, ach_nid, obj_tid, goal) VALUES (75, 114, 'cities', '{cc,ek,ey,ja,lv,pi,pr,re,to,wm}');
INSERT INTO public.info_obj_list (obj_nid, ach_nid, obj_tid, goal) VALUES (76, 115, 'quarries', '{el,ca}');
INSERT INTO public.info_obj_list (obj_nid, ach_nid, obj_tid, goal) VALUES (77, 116, 'cities', '{cv,cl,fl,gcv,hb,ky,ki,no,pa,ph,ss,sl,sv,tu,yu}');
INSERT INTO public.info_obj_list (obj_nid, ach_nid, obj_tid, goal) VALUES (78, 119, 'landmarks', '{yu,ki,bl,lv,pa,gc}');
INSERT INTO public.info_obj_list (obj_nid, ach_nid, obj_tid, goal) VALUES (79, 124, 'cargo', '{alc,cr,ch,ct,hb,lt,ltc,mm,sc,tr}');
INSERT INTO public.info_obj_list (obj_nid, ach_nid, obj_tid, goal) VALUES (80, 125, 'cities', '{al,abq,ar,ca,cl,fa,ga,ho,lc,ra,ro,sf,so,tu}');
INSERT INTO public.info_obj_list (obj_nid, ach_nid, obj_tid, goal) VALUES (81, 126, 'stops', '{ar6425,nb25sr,sb25sr,go40tu,un40tu,ph84tu,ar84tu,eb40al,wb40al,go25al,go40al,un40al,na40ga,wb40ga,fu10lc,go10lc,eb10lc,fc25sb,fc25nb,go54al,go54cl,go60cl}');
INSERT INTO public.info_obj_list (obj_nid, ach_nid, obj_tid, goal) VALUES (82, 131, 'routes', '{eure,frba,losa,oafr,oahu,oxba,samo,sasa,sthu,stsa,trcacanv,troa,prel,wica,kifl,phsi,yutu,liel,lite,joho,bula,deco,degr,pude,pupu,stco,bogr,idsa,lesa,twna,cohu,doem,pucomaks,pucodoks,topi,wisa,bubo,hale,labi,lagl,thka,arla,clho,fara,gara,saso,sonmtuaz,lino,noom,scmc,lamc,oktu,clgu,pebu,pone,thsa,cobr,deva,foab,lasa,loga,luod,sada,wiam,prpr,sace,vesa,omya,poab,seev,spgr,cagi,chro,lara,rija}');
INSERT INTO public.info_obj_list (obj_nid, ach_nid, obj_tid, goal) VALUES (83, 134, 'cargo', '{thc,lrt,sil,tir,acc,boa,htc,hth,hc,mtp,hel}');
INSERT INTO public.info_obj_list (obj_nid, ach_nid, obj_tid, goal) VALUES (84, 135, 'cargo', '{tires,htc,hth}');
INSERT INTO public.info_obj_list (obj_nid, ach_nid, obj_tid, goal) VALUES (85, 137, 'cities', '{as,be,bu,cb,eu,kf,lv,md,np,on,pt,pl,sa,td}');
INSERT INTO public.info_obj_list (obj_nid, ach_nid, obj_tid, goal) VALUES (86, 139, 'sites', '{me,sa,be,ne,as}');
INSERT INTO public.info_obj_list (obj_nid, ach_nid, obj_tid, goal) VALUES (87, 140, 'landmarks', '{cl,cr,tw,yh}');
INSERT INTO public.info_obj_list (obj_nid, ach_nid, obj_tid, goal) VALUES (88, 142, 'cities', '{ad,bh,cv,ev,gc,kw,lv,ol,om,pa,se,sp,ta,va,we,yk}');
INSERT INTO public.info_obj_list (obj_nid, ach_nid, obj_tid, goal) VALUES (89, 145, 'ports', '{ta,se}');
INSERT INTO public.info_obj_list (obj_nid, ach_nid, obj_tid, goal) VALUES (90, 146, 'tunnels', '{n,e}');
INSERT INTO public.info_obj_list (obj_nid, ach_nid, obj_tid, goal) VALUES (91, 149, 'landmarks', '{mra,msh,gcd}');
INSERT INTO public.info_obj_list (obj_nid, ach_nid, obj_tid, goal) VALUES (92, 150, 'cargo', '{fo,kl,lh,ll,ls,mu,st,tg}');
INSERT INTO public.info_obj_list (obj_nid, ach_nid, obj_tid, goal) VALUES (94, 152, 'cities', '{cc,lo,mo,og,pc,pv,sa,slc,sg,ve}');
INSERT INTO public.info_obj_list (obj_nid, ach_nid, obj_tid, goal) VALUES (95, 153, 'quarries', '{slc,ve,cc}');
INSERT INTO public.info_obj_list (obj_nid, ach_nid, obj_tid, goal) VALUES (96, 155, 'branches', '{was,cas,ccm,swcm,ps,sg,vo,wa}');
INSERT INTO public.info_obj_list (obj_nid, ach_nid, obj_tid, goal) VALUES (97, 156, 'sites', '{nv,sv,np,sp,nm,sm}');
INSERT INTO public.info_obj_list (obj_nid, ach_nid, obj_tid, goal) VALUES (98, 157, 'cities', '{bo,cd,gr,if,kt,lw,na,po,sl,sn,tf}');
INSERT INTO public.info_obj_list (obj_nid, ach_nid, obj_tid, goal) VALUES (100, 159, 'routes', '{kele,botw,tfpo,poif}');
INSERT INTO public.info_obj_list (obj_nid, ach_nid, obj_tid, goal) VALUES (101, 160, 'viewpoints', '{tfpf,pmb,cotm,idfa,bois,gasu,mhra,mcca,ths,sand}');
INSERT INTO public.info_obj_list (obj_nid, ach_nid, obj_tid, goal) VALUES (102, 162, 'cities', '{al,bu,cs,de,du,fc,gj,la,mo,pu,ra,ss,st}');
INSERT INTO public.info_obj_list (obj_nid, ach_nid, obj_tid, goal) VALUES (103, 164, 'directions', '{east,west}');
INSERT INTO public.info_obj_list (obj_nid, ach_nid, obj_tid, goal) VALUES (104, 165, 'jobs', '{wtnd,wttd,wtnp,wttp}');
INSERT INTO public.info_obj_list (obj_nid, ach_nid, obj_tid, goal) VALUES (107, 169, 'cities', '{ca,ch,co,ev,gi,ha,la,ra,ri,rs,sh}');
INSERT INTO public.info_obj_list (obj_nid, ach_nid, obj_tid, goal) VALUES (108, 170, 'viewpoints', '{gtn,al,ev,fgd,che,bl,hha,bsp,dt,bnf}');
INSERT INTO public.info_obj_list (obj_nid, ach_nid, obj_tid, goal) VALUES (109, 172, 'cargo', '{ta,tm,ra}');
INSERT INTO public.info_obj_list (obj_nid, ach_nid, obj_tid, goal) VALUES (111, 174, 'cities', '{bi,bo,bu,ga,ge,gf,ha,he,kl,lu,lw,mlc,ms,si,tf}');
INSERT INTO public.info_obj_list (obj_nid, ach_nid, obj_tid, goal) VALUES (112, 175, 'viewpoints', '{tf,fl,gnp,gf,lw,fps,spc,bi,bu,el,ynp}');
INSERT INTO public.info_obj_list (obj_nid, ach_nid, obj_tid, goal) VALUES (115, 177, 'jobs', '{bcb,bup,gcb,gup,hcb,hup}');
INSERT INTO public.info_obj_list (obj_nid, ach_nid, obj_tid, goal) VALUES (116, 178, 'jobs', '{ma,tp,si}');
INSERT INTO public.info_obj_list (obj_nid, ach_nid, obj_tid, goal) VALUES (118, 180, 'cities', '{ab,am,au,bu,br,cc,dh,dl,dr,ep,fs,fw,gl,hu,hn,ju,lr,lv,lb,lf,ma,od,sang,sant,tk,ty,va,vi,wa,wi}');
INSERT INTO public.info_obj_list (obj_nid, ach_nid, obj_tid, goal) VALUES (119, 181, 'viewpoints', '{sprf,lare,coch,pala,galv,uval,deri,glb,quar,peri,aust,fred,marf,buco,lali,cfs,wpp,vanh,sana,peco,tsf,cors,ecap,epa,bspr,pecf,gate,sfra,adri,amar}');
INSERT INTO public.info_obj_list (obj_nid, ach_nid, obj_tid, goal) VALUES (120, 182, 'viewpoints', '{8,173,327,471,573,610,816,1048,1141,1344,1360,1435,1533,2111,2249,2332,2594,2941,2944,2969,3208,3315,3404,3684,3868,3951,4033,4071,4100,4530,4556,4664,4998,5299,5397,5436,7170,7183,7452,7925,7930,8053,10123,10381,10400,10407,10419,10554,12197,12477,12681,16071,16553,16924,17522,18214,22690}');
INSERT INTO public.info_obj_list (obj_nid, ach_nid, obj_tid, goal) VALUES (121, 183, 'ports', '{bbft,bbp,bt,ccccct,cct,ggp,hhs,hhct}');
INSERT INTO public.info_obj_list (obj_nid, ach_nid, obj_tid, goal) VALUES (122, 184, 'sites', '{ama,nda,sda,nfw,sfw,wlu,elu,sa,vic,wac}');
INSERT INTO public.info_obj_list (obj_nid, ach_nid, obj_tid, goal) VALUES (127, 186, 'cities', '{ar,cl,en,gy,id,lw,mc,oc,tu,ww}');
INSERT INTO public.info_obj_list (obj_nid, ach_nid, obj_tid, goal) VALUES (128, 187, 'viewpoints', '{bc,wdw,gms,ltf,ar,okc,tl,mca,hls,bbs}');
INSERT INTO public.info_obj_list (obj_nid, ach_nid, obj_tid, goal) VALUES (133, 190, 'cities', '{co,dc,em,gc,ha,hu,jc,kc,ma,ph,pi,sa,to,wi}');
INSERT INTO public.info_obj_list (obj_nid, ach_nid, obj_tid, goal) VALUES (134, 191, 'viewpoints', '{msu,mro,dc,hut,eld,bcl,bcp,fse,jcc,kc}');
INSERT INTO public.info_obj_list (obj_nid, ach_nid, obj_tid, goal) VALUES (136, 193, 'roads', '{col,phi,gc1,gc2,gc3,hut,em1,em2,em3,pi1,pi2,pi3,kc1,kc2,kc3}');
INSERT INTO public.info_obj_list (obj_nid, ach_nid, obj_tid, goal) VALUES (139, 195, 'cities', '{al,ch,co,gi,ln,mc,nf,np,oh,sc,si,vl}');
INSERT INTO public.info_obj_list (obj_nid, ach_nid, obj_tid, goal) VALUES (140, 196, 'viewpoints', '{soc,sbn,chm,crh,lmc,gst,slt,gpr,bb}');
INSERT INTO public.info_obj_list (obj_nid, ach_nid, obj_tid, goal) VALUES (141, 197, 'jobs', '{omaha,norfolk,columbus}');
INSERT INTO public.info_obj_list (obj_nid, ach_nid, obj_tid, goal) VALUES (142, 198, 'jobs', '{corn,gr,pt,sy}');
INSERT INTO public.info_obj_list (obj_nid, ach_nid, obj_tid, goal) VALUES (143, 199, 'cities', '{spd,fy,fs,txk,hs,hrs,eld,lr,pb,jb}');
INSERT INTO public.info_obj_list (obj_nid, ach_nid, obj_tid, goal) VALUES (144, 200, 'viewpoints', '{fy,ha,eha,eel,pb,txe,hs,fs,lr,ano}');
INSERT INTO public.info_obj_list (obj_nid, ach_nid, obj_tid, goal) VALUES (147, 202, 'companies', '{cj,ept,fb,gss,gp,na,sh,st,tcg}');
INSERT INTO public.info_obj_list (obj_nid, ach_nid, obj_tid, goal) VALUES (148, 204, 'scenarios', '{41,42,43,44,45,46,47,48,49}');
INSERT INTO public.info_obj_list (obj_nid, ach_nid, obj_tid, goal) VALUES (150, 207, 'scenarios', '{21,22,23,24,25,26,27,31,32,33,34,35,36,37,41,42,43,44,45,46,47,48,49}');

SELECT pg_catalog.setval('public.info_achievement_ach_nid_seq', 208, true);
SELECT pg_catalog.setval('public.info_objnid_seq', 151, true);
